{
    "$schema": "https://schema.management.azure.com/schemas/2019-04-01/deploymentTemplate.json#",
    "contentVersion": "1.0.0.0",
    "parameters": {
        "searchServices_kmta4hsearch_name": {
            "defaultValue": "kmta4hsearch",
            "type": "String"
        }
    },
    "variables": {},
    "resources": [
        {
            "type": "Microsoft.Search/searchServices",
            "apiVersion": "2021-04-01-preview",
            "name": "[parameters('searchServices_kmta4hsearch_name')]",
            "location": "East US",
            "sku": {
                "name": "standard"
            },
            "properties": {
                "replicaCount": 1,
                "partitionCount": 1,
                "hostingMode": "Default",
                "publicNetworkAccess": "Enabled",
                "networkRuleSet": {
                    "ipRules": [],
                    "bypass": "None"
                },
                "encryptionWithCmk": {
                    "enforcement": "Unspecified"
                },
                "disableLocalAuth": false,
                "authOptions": {
                    "apiKeyOnly": {}
                },
                "disabledDataExfiltrationOptions": [],
                "semanticSearch": "disabled"
            }
        }
    ]
}